{"mean":{"confidence_interval":{"confidence_level":0.99,"lower_bound":11734632.914779993,"upper_bound":11789979.267999995},"point_estimate":11759378.342000002,"standard_error":10726.35724267122},"median":{"confidence_interval":{"confidence_level":0.99,"lower_bound":11715300.0,"upper_bound":11764204.2},"point_estimate":11729604.2,"standard_error":10303.767906192039},"median_abs_dev":{"confidence_interval":{"confidence_level":0.99,"lower_bound":46955.21397847888,"upper_bound":88634.89765971659},"point_estimate":66062.13440716239,"standard_error":7551.860967199277},"slope":null,"std_dev":{"confidence_interval":{"confidence_level":0.99,"lower_bound":61645.53642836809,"upper_bound":157265.03566482983},"point_estimate":108000.0260837952,"standard_error":20000.535336377838}}