{"mean":{"confidence_interval":{"confidence_level":0.99,"lower_bound":-0.018490301767335682,"upper_bound":-0.00014649177864142483},"point_estimate":-0.009871316470987379,"standard_error":0.0035858171214143385},"median":{"confidence_interval":{"confidence_level":0.99,"lower_bound":-0.019119894456538833,"upper_bound":-0.0027819826970244543},"point_estimate":-0.010787439650165931,"standard_error":0.003337925337497813}}