{"mean":{"confidence_interval":{"confidence_level":0.99,"lower_bound":-0.044936399963636034,"upper_bound":-0.024057627592858413},"point_estimate":-0.03321476445307392,"standard_error":0.00404325687007914},"median":{"confidence_interval":{"confidence_level":0.99,"lower_bound":-0.0285557330649423,"upper_bound":-0.020429423740729646},"point_estimate":-0.02476820014194292,"standard_error":0.0013931528458614052}}