{"mean":{"confidence_interval":{"confidence_level":0.99,"lower_bound":-0.1556490884653104,"upper_bound":-0.06075694026503613},"point_estimate":-0.09481712448039092,"standard_error":0.019659993394396898},"median":{"confidence_interval":{"confidence_level":0.99,"lower_bound":-0.07967190771255546,"upper_bound":-0.0481648334449134},"point_estimate":-0.06095754503482809,"standard_error":0.005268882567332036}}