{"mean":{"confidence_interval":{"confidence_level":0.99,"lower_bound":0.010429511777825569,"upper_bound":0.056748575148649824},"point_estimate":0.03161567806919341,"standard_error":0.00903220072428422},"median":{"confidence_interval":{"confidence_level":0.99,"lower_bound":0.01672516172702876,"upper_bound":0.05111356815928514},"point_estimate":0.02852931867707298,"standard_error":0.0070683507687178335}}