{"mean":{"confidence_interval":{"confidence_level":0.99,"lower_bound":-0.012629810921351728,"upper_bound":0.009976923238864439},"point_estimate":-0.0005907804839661024,"standard_error":0.004709678565176958},"median":{"confidence_interval":{"confidence_level":0.99,"lower_bound":-0.02288534380507576,"upper_bound":0.022210200041430594},"point_estimate":-0.011924105592927337,"standard_error":0.0094542519292308}}