{"mean":{"confidence_interval":{"confidence_level":0.95,"lower_bound":0.37522613877172956,"upper_bound":0.3972025263608124},"point_estimate":0.3869854827360302,"standard_error":0.005575904804320934},"median":{"confidence_interval":{"confidence_level":0.95,"lower_bound":0.3761742405316859,"upper_bound":0.38816923711493545},"point_estimate":0.38269390685759075,"standard_error":0.0031485431184958843}}