{"mean":{"confidence_interval":{"confidence_level":0.99,"lower_bound":-0.020721535313211158,"upper_bound":0.004694910685825342},"point_estimate":-0.004478867890493343,"standard_error":0.005161555184178519},"median":{"confidence_interval":{"confidence_level":0.99,"lower_bound":-0.004708224361132496,"upper_bound":0.0028908208738957844},"point_estimate":-0.0002213109114372891,"standard_error":0.0016024438339636506}}