{"mean":{"confidence_interval":{"confidence_level":0.99,"lower_bound":-0.03657213818101904,"upper_bound":0.03049608308853459},"point_estimate":-0.00016255951108190558,"standard_error":0.013070100657175406},"median":{"confidence_interval":{"confidence_level":0.99,"lower_bound":-0.0010898927234478664,"upper_bound":0.036938805730653224},"point_estimate":0.010501128207869526,"standard_error":0.007923546203806931}}