{"mean":{"confidence_interval":{"confidence_level":0.99,"lower_bound":0.1677202615162137,"upper_bound":0.31126612691236716},"point_estimate":0.23036762728588078,"standard_error":0.028482105251624014},"median":{"confidence_interval":{"confidence_level":0.99,"lower_bound":0.10835162828025813,"upper_bound":0.19317387409846365},"point_estimate":0.15264507654271653,"standard_error":0.01543028293664669}}