{"mean":{"confidence_interval":{"confidence_level":0.99,"lower_bound":-0.0039009940928339537,"upper_bound":0.017569783634597224},"point_estimate":0.0067203064944616475,"standard_error":0.0040890197333516305},"median":{"confidence_interval":{"confidence_level":0.99,"lower_bound":-0.021945607547074863,"upper_bound":0.03384839631754666},"point_estimate":0.009245261967147478,"standard_error":0.006498671930218908}}