{"mean":{"confidence_interval":{"confidence_level":0.99,"lower_bound":0.003124784867312093,"upper_bound":0.029810853285422302},"point_estimate":0.016410411069962105,"standard_error":0.005117166526634606},"median":{"confidence_interval":{"confidence_level":0.99,"lower_bound":0.008803838613028692,"upper_bound":0.025749312667506328},"point_estimate":0.016683024321218154,"standard_error":0.0034588051215479207}}