{"mean":{"confidence_interval":{"confidence_level":0.99,"lower_bound":0.010891891453023604,"upper_bound":0.026941600666929192},"point_estimate":0.019034924162871114,"standard_error":0.003139670619526909},"median":{"confidence_interval":{"confidence_level":0.99,"lower_bound":0.018995120014538194,"upper_bound":0.03412418103717312},"point_estimate":0.028042605347753824,"standard_error":0.002682526478146277}}