{"mean":{"confidence_interval":{"confidence_level":0.95,"lower_bound":0.41886402720323135,"upper_bound":0.47437478367478314},"point_estimate":0.4470104646709969,"standard_error":0.014361891605309901},"median":{"confidence_interval":{"confidence_level":0.95,"lower_bound":0.4264629293954074,"upper_bound":0.43717077710563057},"point_estimate":0.4331193111774887,"standard_error":0.002633005808065346}}