{"mean":{"confidence_interval":{"confidence_level":0.99,"lower_bound":-0.02627827300392293,"upper_bound":0.03810769130759031},"point_estimate":0.00919412349741533,"standard_error":0.01254622342444064},"median":{"confidence_interval":{"confidence_level":0.99,"lower_bound":0.01679493716867131,"upper_bound":0.03533194364708603},"point_estimate":0.026073718415100533,"standard_error":0.0034788419615434498}}