{"mean":{"confidence_interval":{"confidence_level":0.95,"lower_bound":-0.011791245158929995,"upper_bound":0.02795667825587348},"point_estimate":0.008714155446464478,"standard_error":0.010087194437320332},"median":{"confidence_interval":{"confidence_level":0.95,"lower_bound":-0.006170655674436917,"upper_bound":-0.0024173905151619423},"point_estimate":-0.004693990083599497,"standard_error":0.0009447251753160087}}