{"mean":{"confidence_interval":{"confidence_level":0.99,"lower_bound":-0.03556864524523404,"upper_bound":0.014601259240108539},"point_estimate":-0.007733089225712808,"standard_error":0.009847469224674771},"median":{"confidence_interval":{"confidence_level":0.99,"lower_bound":-0.0012649080887232982,"upper_bound":0.003586000478924989},"point_estimate":0.0012807195779369618,"standard_error":0.000909770002423993}}