{"mean":{"confidence_interval":{"confidence_level":0.99,"lower_bound":0.0015473679117593104,"upper_bound":0.04156635627215649},"point_estimate":0.02360863635974031,"standard_error":0.00773844242598539},"median":{"confidence_interval":{"confidence_level":0.99,"lower_bound":0.025464514380844294,"upper_bound":0.047118990746187084},"point_estimate":0.03673288980148404,"standard_error":0.0041069074474881775}}