{"mean":{"confidence_interval":{"confidence_level":0.99,"lower_bound":-0.0865486593554847,"upper_bound":-0.03392421348561934},"point_estimate":-0.05998955986293919,"standard_error":0.010039353293644698},"median":{"confidence_interval":{"confidence_level":0.99,"lower_bound":-0.0490373253426688,"upper_bound":-0.02945970489747174},"point_estimate":-0.03970216471779375,"standard_error":0.0034128899695971405}}