{"mean":{"confidence_interval":{"confidence_level":0.99,"lower_bound":-0.04996928685363132,"upper_bound":-0.0328214769793732},"point_estimate":-0.041752605597747405,"standard_error":0.003277818835080054},"median":{"confidence_interval":{"confidence_level":0.99,"lower_bound":-0.04052309181543179,"upper_bound":-0.03254414619885107},"point_estimate":-0.03725174201871728,"standard_error":0.0014757500545722402}}