{"mean":{"confidence_interval":{"confidence_level":0.99,"lower_bound":-0.0014687132536688415,"upper_bound":0.014546545511833793},"point_estimate":0.005939725619747316,"standard_error":0.0030380912086046398},"median":{"confidence_interval":{"confidence_level":0.99,"lower_bound":0.0034627725423676294,"upper_bound":0.012172879887783816},"point_estimate":0.008328517224591936,"standard_error":0.0015660869024145918}}