{"mean":{"confidence_interval":{"confidence_level":0.99,"lower_bound":-0.0049097989481752076,"upper_bound":0.00848294261199399},"point_estimate":0.0015452806221667448,"standard_error":0.002599589238997502},"median":{"confidence_interval":{"confidence_level":0.99,"lower_bound":-0.007405448844817517,"upper_bound":0.0041001558084706},"point_estimate":-0.0026108031908786966,"standard_error":0.001954146146544032}}