{"mean":{"confidence_interval":{"confidence_level":0.99,"lower_bound":-0.005605375697478965,"upper_bound":0.011602799757856688},"point_estimate":0.0026674789836269586,"standard_error":0.003389257491178846},"median":{"confidence_interval":{"confidence_level":0.99,"lower_bound":-0.007992450079943113,"upper_bound":0.012144470265383456},"point_estimate":-0.000648583794907065,"standard_error":0.004329976119148909}}