{"mean":{"confidence_interval":{"confidence_level":0.95,"lower_bound":0.39093910855724956,"upper_bound":0.4134759035392777},"point_estimate":0.40164124247831867,"standard_error":0.005767147590418787},"median":{"confidence_interval":{"confidence_level":0.95,"lower_bound":0.3983930525373309,"upper_bound":0.40696173993021056},"point_estimate":0.4030689694720395,"standard_error":0.002160078682653808}}