{"mean":{"confidence_interval":{"confidence_level":0.99,"lower_bound":0.023720034756913956,"upper_bound":0.04716621722711113},"point_estimate":0.03539037215437668,"standard_error":0.004707631534183224},"median":{"confidence_interval":{"confidence_level":0.99,"lower_bound":0.019240686823170948,"upper_bound":0.05310862359119413},"point_estimate":0.038347356028473945,"standard_error":0.00653263998288217}}