{"mean":{"confidence_interval":{"confidence_level":0.99,"lower_bound":2151960.6073999996,"upper_bound":2199716.491658334},"point_estimate":2174388.78375,"standard_error":9294.664524800177},"median":{"confidence_interval":{"confidence_level":0.99,"lower_bound":2113458.3333333335,"upper_bound":2205803.8125},"point_estimate":2135426.229166667,"standard_error":20961.803531306687},"median_abs_dev":{"confidence_interval":{"confidence_level":0.99,"lower_bound":33312.16815859079,"upper_bound":124394.27671656024},"point_estimate":74579.16470095573,"standard_error":19018.23758295723},"slope":null,"std_dev":{"confidence_interval":{"confidence_level":0.99,"lower_bound":67279.12286445654,"upper_bound":118156.90601157497},"point_estimate":93457.81532851343,"standard_error":10135.578124956011}}