{"mean":{"confidence_interval":{"confidence_level":0.99,"lower_bound":7434443.7988312505,"upper_bound":8339808.649999999},"point_estimate":7842556.71625,"standard_error":177124.70815651998},"median":{"confidence_interval":{"confidence_level":0.99,"lower_bound":6946893.1875,"upper_bound":7407932.25},"point_estimate":7211776.0625,"standard_error":90424.22406006239},"median_abs_dev":{"confidence_interval":{"confidence_level":0.99,"lower_bound":414601.89480922004,"upper_bound":1017646.9039534687},"point_estimate":693787.3834703118,"standard_error":126447.72895372093},"slope":null,"std_dev":{"confidence_interval":{"confidence_level":0.99,"lower_bound":1086964.7902891827,"upper_bound":2476290.31167935},"point_estimate":1791979.6978377362,"standard_error":278744.92540153355}}