{"mean":{"confidence_interval":{"confidence_level":0.99,"lower_bound":4955149.63265909,"upper_bound":5009656.188554544},"point_estimate":4979637.500909091,"standard_error":10514.951541536037},"median":{"confidence_interval":{"confidence_level":0.99,"lower_bound":4936651.545454546,"upper_bound":5000636.363636363},"point_estimate":4974884.5,"standard_error":9239.92668838441},"median_abs_dev":{"confidence_interval":{"confidence_level":0.99,"lower_bound":57695.10841207096,"upper_bound":98623.83067634991},"point_estimate":79018.60253350326,"standard_error":7629.229917444327},"slope":null,"std_dev":{"confidence_interval":{"confidence_level":0.99,"lower_bound":63088.76310388265,"upper_bound":160607.4749633717},"point_estimate":105789.68131406532,"standard_error":21733.809638866358}}