{"mean":{"confidence_interval":{"confidence_level":0.99,"lower_bound":11245686.077790003,"upper_bound":11476549.15319},"point_estimate":11342859.332,"standard_error":45135.30299606821},"median":{"confidence_interval":{"confidence_level":0.99,"lower_bound":11153983.4,"upper_bound":11291325.0},"point_estimate":11188962.399999999,"standard_error":21721.445766406036},"median_abs_dev":{"confidence_interval":{"confidence_level":0.99,"lower_bound":77774.52593922504,"upper_bound":281805.0417369596},"point_estimate":151639.1392278674,"standard_error":37506.00959516041},"slope":null,"std_dev":{"confidence_interval":{"confidence_level":0.99,"lower_bound":185922.02470332172,"upper_bound":716580.7114220088},"point_estimate":454954.16453897365,"standard_error":113992.32375710602}}