{"mean":{"confidence_interval":{"confidence_level":0.95,"lower_bound":14623157.58175,"upper_bound":14754415.3211875},"point_estimate":14688157.3025,"standard_error":33582.83174861293},"median":{"confidence_interval":{"confidence_level":0.95,"lower_bound":14690390.625,"upper_bound":14758911.5},"point_estimate":14724807.375,"standard_error":16902.939457955003},"median_abs_dev":{"confidence_interval":{"confidence_level":0.95,"lower_bound":94623.60747009516,"upper_bound":323144.8957130313},"point_estimate":178676.4624528587,"standard_error":62134.00433882085},"slope":null,"std_dev":{"confidence_interval":{"confidence_level":0.95,"lower_bound":277483.0454401746,"upper_bound":392099.3987686326},"point_estimate":338084.65329068055,"standard_error":29299.590398128432}}