{"mean":{"confidence_interval":{"confidence_level":0.99,"lower_bound":11378816.39323,"upper_bound":11493470.725159999},"point_estimate":11431898.004,"standard_error":22330.677435520334},"median":{"confidence_interval":{"confidence_level":0.99,"lower_bound":11319950.0,"upper_bound":11380916.6},"point_estimate":11345725.100000001,"standard_error":9108.886776348989},"median_abs_dev":{"confidence_interval":{"confidence_level":0.99,"lower_bound":52174.856928408386,"upper_bound":132748.14688324847},"point_estimate":86781.46903932067,"standard_error":17771.382528615162},"slope":null,"std_dev":{"confidence_interval":{"confidence_level":0.99,"lower_bound":156104.82774662948,"upper_bound":286657.7713897629},"point_estimate":225986.54480913078,"standard_error":25432.730137993985}}