{"mean":{"confidence_interval":{"confidence_level":0.99,"lower_bound":9788782.658333333,"upper_bound":9848280.730958333},"point_estimate":9817172.098333335,"standard_error":11605.138631757785},"median":{"confidence_interval":{"confidence_level":0.99,"lower_bound":9780208.333333334,"upper_bound":9831722.333333334},"point_estimate":9812871.5,"standard_error":9131.173969881766},"median_abs_dev":{"confidence_interval":{"confidence_level":0.99,"lower_bound":51675.03368258569,"upper_bound":113707.14013129381},"point_estimate":74186.58458292531,"standard_error":12236.124888769851},"slope":null,"std_dev":{"confidence_interval":{"confidence_level":0.99,"lower_bound":80936.0217275474,"upper_bound":148709.44585456175},"point_estimate":116361.21378319919,"standard_error":13317.38721960376}}