{"mean":{"confidence_interval":{"confidence_level":0.99,"lower_bound":-0.0720336814062943,"upper_bound":-0.0196847283965275},"point_estimate":-0.046282110024997714,"standard_error":0.009863600156212432},"median":{"confidence_interval":{"confidence_level":0.99,"lower_bound":-0.04339683414363027,"upper_bound":-0.03329283595625837},"point_estimate":-0.03761047867801681,"standard_error":0.0018258883348202003}}