{"mean":{"confidence_interval":{"confidence_level":0.99,"lower_bound":-0.07268190539892976,"upper_bound":-0.030445062689545718},"point_estimate":-0.05097072784938872,"standard_error":0.008215137389069493},"median":{"confidence_interval":{"confidence_level":0.99,"lower_bound":-0.04979302648872408,"upper_bound":-0.04049343610951066},"point_estimate":-0.04404897107457684,"standard_error":0.0017086879468999339}}