{"mean":{"confidence_interval":{"confidence_level":0.99,"lower_bound":-0.007747353540887149,"upper_bound":0.058303946789878776},"point_estimate":0.026535880375711862,"standard_error":0.012816579784125185},"median":{"confidence_interval":{"confidence_level":0.99,"lower_bound":0.0323526809838357,"upper_bound":0.06351489876337085},"point_estimate":0.04768295077607432,"standard_error":0.006042560436781115}}