{"mean":{"confidence_interval":{"confidence_level":0.99,"lower_bound":-0.05374922743404549,"upper_bound":0.014869625225843626},"point_estimate":-0.01822695770063576,"standard_error":0.013329464504724785},"median":{"confidence_interval":{"confidence_level":0.99,"lower_bound":0.007218249931513947,"upper_bound":0.019678452406245217},"point_estimate":0.012669807531113353,"standard_error":0.002463409562618215}}