{"mean":{"confidence_interval":{"confidence_level":0.99,"lower_bound":0.011718355319621662,"upper_bound":0.15440684736806395},"point_estimate":0.06219125507650314,"standard_error":0.02612469069517747},"median":{"confidence_interval":{"confidence_level":0.99,"lower_bound":0.00860059228095971,"upper_bound":0.02028675474793551},"point_estimate":0.014559570822468837,"standard_error":0.0021068696797428127}}