{"mean":{"confidence_interval":{"confidence_level":0.99,"lower_bound":-0.012483120410833095,"upper_bound":0.049575351801799235},"point_estimate":0.020254422038730624,"standard_error":0.012056520972547445},"median":{"confidence_interval":{"confidence_level":0.99,"lower_bound":0.029423175744262453,"upper_bound":0.04707617447199697},"point_estimate":0.035719015605717885,"standard_error":0.0033657122013331492}}