{"mean":{"confidence_interval":{"confidence_level":0.95,"lower_bound":-0.05457668593034689,"upper_bound":0.004536571136176003},"point_estimate":-0.02225526687798629,"standard_error":0.015139287302440432},"median":{"confidence_interval":{"confidence_level":0.95,"lower_bound":-0.004762866396818111,"upper_bound":0.0003888977698798257},"point_estimate":-0.0012441843726110902,"standard_error":0.0013277079529031798}}