{"mean":{"confidence_interval":{"confidence_level":0.99,"lower_bound":2373474.053745455,"upper_bound":2395024.511536362},"point_estimate":2383792.7822727268,"standard_error":4186.873118021926},"median":{"confidence_interval":{"confidence_level":0.99,"lower_bound":2372874.0454545454,"upper_bound":2392589.0454545454},"point_estimate":2382767.045454546,"standard_error":3259.765819919105},"median_abs_dev":{"confidence_interval":{"confidence_level":0.99,"lower_bound":19686.54116992529,"upper_bound":47316.807509959086},"point_estimate":32605.9451393107,"standard_error":5713.955972927755},"slope":null,"std_dev":{"confidence_interval":{"confidence_level":0.99,"lower_bound":30506.660014723537,"upper_bound":55362.63314649337},"point_estimate":42088.879805098004,"standard_error":5040.188565365855}}