{"mean":{"confidence_interval":{"confidence_level":0.99,"lower_bound":-0.021317360535154335,"upper_bound":0.05063561559401563},"point_estimate":0.010420198267028224,"standard_error":0.013593379120420634},"median":{"confidence_interval":{"confidence_level":0.99,"lower_bound":-0.0002689945051835515,"upper_bound":0.004127785939971762},"point_estimate":0.00195372646051295,"standard_error":0.0007752904529390133}}