{"mean":{"confidence_interval":{"confidence_level":0.95,"lower_bound":-0.04461389713246235,"upper_bound":0.027717189378377537},"point_estimate":-0.0063107894789096175,"standard_error":0.018586850518948303},"median":{"confidence_interval":{"confidence_level":0.95,"lower_bound":-0.0005275535192773573,"upper_bound":0.004771078463072167},"point_estimate":0.0021917006113247872,"standard_error":0.0013440132412815117}}