{"mean":{"confidence_interval":{"confidence_level":0.99,"lower_bound":-0.0052783208014526555,"upper_bound":0.02435834871878596},"point_estimate":0.009211460211368427,"standard_error":0.005679537378766911},"median":{"confidence_interval":{"confidence_level":0.99,"lower_bound":0.0019018912051248277,"upper_bound":0.0203291017029823},"point_estimate":0.010987540677042773,"standard_error":0.003818872313486844}}