{"mean":{"confidence_interval":{"confidence_level":0.99,"lower_bound":-0.010928328958672462,"upper_bound":0.008777328570906295},"point_estimate":-0.0005325891690152185,"standard_error":0.003843684653781192},"median":{"confidence_interval":{"confidence_level":0.99,"lower_bound":-0.0019527424177610744,"upper_bound":0.021345363209752936},"point_estimate":0.012294583417528981,"standard_error":0.005974406997340805}}