{"mean":{"confidence_interval":{"confidence_level":0.99,"lower_bound":-0.0086132237477283,"upper_bound":0.011236485286955027},"point_estimate":0.0016659330364985347,"standard_error":0.0038293453954664825},"median":{"confidence_interval":{"confidence_level":0.99,"lower_bound":-0.017914689954176333,"upper_bound":0.015873827318606537},"point_estimate":-0.003747225246742203,"standard_error":0.00817133536457329}}