{"mean":{"confidence_interval":{"confidence_level":0.95,"lower_bound":0.4658230054141442,"upper_bound":0.48174036577268664},"point_estimate":0.4740398237877088,"standard_error":0.003993373111516348},"median":{"confidence_interval":{"confidence_level":0.95,"lower_bound":0.4802516553284861,"upper_bound":0.4879166701164699},"point_estimate":0.48445159265542803,"standard_error":0.0019476617708118432}}