{"mean":{"confidence_interval":{"confidence_level":0.99,"lower_bound":-0.046493494877303705,"upper_bound":-0.007439543791954669},"point_estimate":-0.02373594000124224,"standard_error":0.007798634745671945},"median":{"confidence_interval":{"confidence_level":0.99,"lower_bound":-0.012072654982213216,"upper_bound":-0.004532046061042627},"point_estimate":-0.009455032748791892,"standard_error":0.0013938987300664708}}