{"mean":{"confidence_interval":{"confidence_level":0.99,"lower_bound":-0.010372244670068365,"upper_bound":0.011364763730009931},"point_estimate":0.00007453050221561952,"standard_error":0.004417120365118975},"median":{"confidence_interval":{"confidence_level":0.99,"lower_bound":-0.014492957669148931,"upper_bound":0.0028115133262271996},"point_estimate":-0.006901970182107142,"standard_error":0.002582389997142854}}