{"mean":{"confidence_interval":{"confidence_level":0.99,"lower_bound":-0.01671326313835223,"upper_bound":0.05583270141615192},"point_estimate":0.02100641656880997,"standard_error":0.014042340049021256},"median":{"confidence_interval":{"confidence_level":0.99,"lower_bound":0.014423592215326787,"upper_bound":0.03919431150379249},"point_estimate":0.02538505215886011,"standard_error":0.005245398736043145}}