{"mean":{"confidence_interval":{"confidence_level":0.99,"lower_bound":-0.06294182474457737,"upper_bound":0.04352923383020239},"point_estimate":-0.0023407922178423357,"standard_error":0.020959459930392058},"median":{"confidence_interval":{"confidence_level":0.99,"lower_bound":0.010275629812164455,"upper_bound":0.042755286089673605},"point_estimate":0.026653034030654776,"standard_error":0.006429344579348907}}