{"mean":{"confidence_interval":{"confidence_level":0.99,"lower_bound":35667.43816547154,"upper_bound":36991.311987059315},"point_estimate":36181.236627592894,"standard_error":266.6025654903428},"median":{"confidence_interval":{"confidence_level":0.99,"lower_bound":35410.423645320196,"upper_bound":35610.71428571428},"point_estimate":35504.922042380174,"standard_error":42.05805772625169},"median_abs_dev":{"confidence_interval":{"confidence_level":0.99,"lower_bound":172.5005214386782,"upper_bound":422.4454809954485},"point_estimate":282.3501048697561,"standard_error":47.87078658381795},"slope":{"confidence_interval":{"confidence_level":0.99,"lower_bound":35465.94414400736,"upper_bound":36541.29984192664},"point_estimate":35818.6006323756,"standard_error":223.99290433401637},"std_dev":{"confidence_interval":{"confidence_level":0.99,"lower_bound":550.2059149459129,"upper_bound":4478.122020219544},"point_estimate":2679.322245235071,"standard_error":862.6049114235062}}