{"mean":{"confidence_interval":{"confidence_level":0.99,"lower_bound":-0.05825647866854101,"upper_bound":0.003729500897346802},"point_estimate":-0.027785087334253444,"standard_error":0.01178292728779965},"median":{"confidence_interval":{"confidence_level":0.99,"lower_bound":-0.025623519168926134,"upper_bound":-0.006066974908994501},"point_estimate":-0.016762092231306203,"standard_error":0.003829792294044335}}