{"mean":{"confidence_interval":{"confidence_level":0.99,"lower_bound":0.005742205303127096,"upper_bound":0.0929819228592256},"point_estimate":0.03123856142487136,"standard_error":0.01720634087195923},"median":{"confidence_interval":{"confidence_level":0.99,"lower_bound":0.006709915274948524,"upper_bound":0.030227341986695855},"point_estimate":0.02031137719009979,"standard_error":0.004826148055423299}}