{"mean":{"confidence_interval":{"confidence_level":0.95,"lower_bound":-0.012725873641485547,"upper_bound":0.01592941356592998},"point_estimate":0.0027212298847807403,"standard_error":0.007267266474470431},"median":{"confidence_interval":{"confidence_level":0.95,"lower_bound":-0.001867894360498168,"upper_bound":0.0009948140265072514},"point_estimate":-0.00040283689518660903,"standard_error":0.000749107727585949}}