{"mean":{"confidence_interval":{"confidence_level":0.99,"lower_bound":-0.034231850043560996,"upper_bound":-0.013740118711215008},"point_estimate":-0.023683224080545906,"standard_error":0.004016082144213141},"median":{"confidence_interval":{"confidence_level":0.99,"lower_bound":-0.03103190797823918,"upper_bound":-0.018400405755817584},"point_estimate":-0.02424983822841764,"standard_error":0.002574992859935546}}