{"mean":{"confidence_interval":{"confidence_level":0.99,"lower_bound":6315473.012468751,"upper_bound":6407888.4305937495},"point_estimate":6359259.32375,"standard_error":17850.938813333843},"median":{"confidence_interval":{"confidence_level":0.99,"lower_bound":6202421.875,"upper_bound":6430234.375},"point_estimate":6398005.1875,"standard_error":27176.450723357},"median_abs_dev":{"confidence_interval":{"confidence_level":0.99,"lower_bound":65153.41181829572,"upper_bound":285473.7909693271},"point_estimate":139499.49944838881,"standard_error":50580.13672657469},"slope":null,"std_dev":{"confidence_interval":{"confidence_level":0.99,"lower_bound":129793.52844765568,"upper_bound":239618.30565360215},"point_estimate":178975.39996144525,"standard_error":23346.906969248208}}