{"mean":{"confidence_interval":{"confidence_level":0.99,"lower_bound":-0.015314968755584003,"upper_bound":0.054307304115676705},"point_estimate":0.018271975513643124,"standard_error":0.0133951485768498},"median":{"confidence_interval":{"confidence_level":0.99,"lower_bound":0.01790035389260034,"upper_bound":0.029506441903604852},"point_estimate":0.023685967119360996,"standard_error":0.0025069716839049047}}