{"mean":{"confidence_interval":{"confidence_level":0.99,"lower_bound":43472391.155075,"upper_bound":44202994.211225},"point_estimate":43779416.62,"standard_error":142218.08790413738},"median":{"confidence_interval":{"confidence_level":0.99,"lower_bound":43343958.0,"upper_bound":43842052.0},"point_estimate":43660854.25,"standard_error":108847.01510981374},"median_abs_dev":{"confidence_interval":{"confidence_level":0.99,"lower_bound":549766.6027396917,"upper_bound":1086437.029261887},"point_estimate":786951.4639288187,"standard_error":104468.52724020202},"slope":null,"std_dev":{"confidence_interval":{"confidence_level":0.99,"lower_bound":655716.6057642378,"upper_bound":2253674.1052976176},"point_estimate":1429629.168136629,"standard_error":364168.34756273514}}