{"mean":{"confidence_interval":{"confidence_level":0.99,"lower_bound":22854838.069200005,"upper_bound":23250327.963733338},"point_estimate":23037566.93333333,"standard_error":77099.4039675122},"median":{"confidence_interval":{"confidence_level":0.99,"lower_bound":22591250.0,"upper_bound":23113666.666666668},"point_estimate":22858791.666666668,"standard_error":105836.78981126322},"median_abs_dev":{"confidence_interval":{"confidence_level":0.99,"lower_bound":372153.10269296536,"upper_bound":884031.1218053112},"point_estimate":626326.3356804829,"standard_error":105508.54452782182},"slope":null,"std_dev":{"confidence_interval":{"confidence_level":0.99,"lower_bound":529547.3870922197,"upper_bound":1085749.9868880615},"point_estimate":775140.6795876983,"standard_error":117884.92532394039}}