{"mean":{"confidence_interval":{"confidence_level":0.95,"lower_bound":28733195.093624998,"upper_bound":29084921.255625},"point_estimate":28890596.015,"standard_error":90594.43470313412},"median":{"confidence_interval":{"confidence_level":0.95,"lower_bound":28615500.0,"upper_bound":28717687.5},"point_estimate":28675718.75,"standard_error":25233.07093776255},"median_abs_dev":{"confidence_interval":{"confidence_level":0.95,"lower_bound":163935.5268895626,"upper_bound":245740.9456372261},"point_estimate":213958.07935148478,"standard_error":21194.58798368004},"slope":null,"std_dev":{"confidence_interval":{"confidence_level":0.95,"lower_bound":405030.31152557704,"upper_bound":1296100.014799313},"point_estimate":911944.0651859418,"standard_error":225803.94596279194}}