{"mean":{"confidence_interval":{"confidence_level":0.99,"lower_bound":20082465.480716664,"upper_bound":20218710.379616667},"point_estimate":20143369.99333334,"standard_error":26523.346713657138},"median":{"confidence_interval":{"confidence_level":0.99,"lower_bound":20045673.666666668,"upper_bound":20144347.333333332},"point_estimate":20090763.833333336,"standard_error":17472.66568331172},"median_abs_dev":{"confidence_interval":{"confidence_level":0.99,"lower_bound":107468.23589205557,"upper_bound":210776.34814897366},"point_estimate":153201.99728012455,"standard_error":20072.40452696345},"slope":null,"std_dev":{"confidence_interval":{"confidence_level":0.99,"lower_bound":147711.85746208203,"upper_bound":391908.15395249496},"point_estimate":265372.86848692904,"standard_error":51059.721986209915}}