{"mean":{"confidence_interval":{"confidence_level":0.99,"lower_bound":-0.07696848367285095,"upper_bound":-0.009319839555804964},"point_estimate":-0.04276564815700834,"standard_error":0.012764073670375865},"median":{"confidence_interval":{"confidence_level":0.99,"lower_bound":-0.036809856688775455,"upper_bound":-0.030563444063610112},"point_estimate":-0.03447789884500152,"standard_error":0.0012506105833985557}}