{"mean":{"confidence_interval":{"confidence_level":0.99,"lower_bound":-0.14976480058393643,"upper_bound":0.03167730117063428},"point_estimate":-0.0432324715035034,"standard_error":0.036788007588560434},"median":{"confidence_interval":{"confidence_level":0.99,"lower_bound":0.016508873166195048,"upper_bound":0.05197448236325641},"point_estimate":0.03441289216642063,"standard_error":0.006333924253985322}}