{"mean":{"confidence_interval":{"confidence_level":0.99,"lower_bound":-0.04785472058676005,"upper_bound":-0.02262467933040334},"point_estimate":-0.03599150096108761,"standard_error":0.004614418297756119},"median":{"confidence_interval":{"confidence_level":0.99,"lower_bound":-0.047054677073709916,"upper_bound":-0.03756536325824367},"point_estimate":-0.04308564860156727,"standard_error":0.0018220601074048904}}